,worker_id,gender,english_first_language,age_group,education
0,833,female,0,45-60,bachelors
1,1072,male,0,30-45,bachelors
2,872,male,0,18-30,hs
3,2116,male,0,30-45,professional
4,453,male,0,30-45,hs
5,164,female,0,30-45,bachelors
6,301,male,0,18-30,professional
7,77,female,1,30-45,some
8,865,female,1,30-45,doctorate
9,715,male,0,18-30,bachelors
10,1852,male,0,30-45,hs
11,344,male,0,30-45,hs
12,916,male,0,30-45,hs
13,407,female,0,18-30,masters
14,2912,male,1,18-30,professional
15,10,male,0,30-45,bachelors
16,177,male,0,45-60,hs
17,1704,male,0,30-45,professional
18,272,male,0,18-30,bachelors
19,1343,female,1,45-60,bachelors
20,3038,female,0,,masters
21,156,male,0,45-60,hs
22,1042,male,0,18-30,hs
23,2364,male,0,18-30,professional
24,461,male,0,30-45,masters
25,26,male,0,30-45,professional
26,3630,male,0,30-45,masters
27,168,female,0,30-45,hs
28,606,female,0,45-60,bachelors
29,150,male,0,30-45,masters
30,3422,male,0,45-60,professional
31,1689,male,0,18-30,masters
32,1228,male,0,18-30,bachelors
33,1213,female,0,45-60,hs
34,1243,female,0,18-30,bachelors
35,1678,male,0,30-45,hs
36,11,male,0,30-45,professional
37,81,male,0,18-30,professional
38,163,female,0,30-45,hs
39,1607,male,0,18-30,bachelors
40,2688,male,0,45-60,bachelors
41,2231,male,0,30-45,hs
42,1890,male,0,18-30,hs
43,217,male,0,18-30,bachelors
44,1152,male,0,30-45,hs
45,1475,male,0,18-30,bachelors
46,382,male,0,30-45,bachelors
47,3493,male,0,18-30,bachelors
48,452,male,0,45-60,masters
49,3618,male,0,45-60,bachelors
50,3773,male,0,45-60,masters
51,1062,male,0,30-45,hs
52,1117,female,0,30-45,professional
53,2699,female,0,18-30,masters
54,365,male,0,18-30,hs
55,445,male,0,18-30,hs
56,876,male,0,18-30,some
57,1110,female,0,Under 18,hs
58,3629,male,0,18-30,bachelors
59,1093,male,0,18-30,some
60,208,female,1,30-45,hs
61,1991,female,0,30-45,bachelors
62,4026,male,0,30-45,hs
63,1622,female,0,45-60,bachelors
64,51,male,0,30-45,hs
65,3173,female,0,30-45,professional
66,877,male,0,18-30,bachelors
67,2319,male,0,30-45,hs
68,1223,male,0,30-45,hs
69,475,male,1,18-30,bachelors
70,840,female,0,18-30,professional
71,3677,female,0,18-30,bachelors
72,993,female,0,18-30,professional
73,1006,male,0,30-45,bachelors
74,34,female,0,30-45,bachelors
75,151,male,0,30-45,hs
76,1556,female,0,30-45,bachelors
77,1667,male,0,30-45,professional
78,1951,male,0,18-30,bachelors
79,89,male,1,18-30,bachelors
80,578,female,0,30-45,hs
81,3821,female,0,18-30,bachelors
82,1743,male,0,18-30,bachelors
83,294,male,0,18-30,some
84,12,male,0,30-45,professional
85,261,male,0,18-30,masters
86,328,male,0,18-30,bachelors
87,384,male,0,18-30,masters
88,2334,male,1,30-45,bachelors
89,2674,female,1,45-60,hs
90,2982,female,0,18-30,bachelors
91,3221,male,0,18-30,bachelors
92,180,male,0,18-30,bachelors
93,311,male,0,18-30,bachelors
94,2474,female,0,18-30,bachelors
95,1135,male,0,30-45,bachelors
96,1762,female,0,30-45,bachelors
97,480,female,0,30-45,masters
98,2569,male,1,30-45,masters
99,1056,female,0,30-45,bachelors
100,587,female,0,18-30,professional
101,2944,female,0,18-30,masters
102,2493,male,0,18-30,masters
103,1377,male,0,45-60,hs
104,647,male,0,18-30,hs
105,1889,male,0,18-30,bachelors
106,656,male,0,45-60,hs
107,483,male,0,30-45,professional
108,1156,male,0,30-45,hs
109,1599,male,0,18-30,hs
110,273,male,0,18-30,bachelors
111,2876,female,0,30-45,bachelors
112,45,male,0,18-30,bachelors
113,957,female,0,30-45,bachelors
114,2869,male,0,30-45,masters
115,672,female,1,30-45,bachelors
116,3188,male,0,30-45,bachelors
117,663,female,0,30-45,bachelors
118,2281,male,0,30-45,hs
119,680,male,0,30-45,bachelors
120,140,male,0,18-30,bachelors
121,2939,male,1,45-60,bachelors
122,1007,male,0,18-30,professional
123,907,male,0,30-45,professional
124,5,male,0,18-30,bachelors
125,1068,male,0,18-30,masters
126,1424,male,0,45-60,professional
127,3759,female,0,30-45,masters
128,1012,male,1,30-45,hs
129,836,female,0,30-45,masters
130,1295,female,0,30-45,hs
131,122,male,0,18-30,bachelors
132,1086,male,0,30-45,bachelors
133,2343,male,0,18-30,some
134,1394,female,0,18-30,bachelors
135,1683,male,0,18-30,bachelors
136,668,female,0,18-30,bachelors
137,2408,male,1,30-45,hs
138,3034,male,0,45-60,hs
139,136,female,0,30-45,hs
140,408,female,0,18-30,bachelors
141,2342,female,0,30-45,bachelors
142,3508,male,0,18-30,bachelors
143,1488,male,0,30-45,hs
144,1050,male,0,18-30,professional
145,2902,female,0,18-30,hs
146,1191,female,0,30-45,bachelors
147,403,female,0,30-45,professional
148,1963,male,0,18-30,hs
149,1766,male,0,30-45,bachelors
150,671,male,0,18-30,bachelors
151,3069,male,0,30-45,professional
152,214,female,0,30-45,bachelors
153,543,female,0,30-45,hs
154,1786,male,0,30-45,bachelors
155,834,female,0,30-45,hs
156,324,male,0,30-45,bachelors
157,200,male,0,45-60,hs
158,2893,female,0,30-45,bachelors
159,958,male,0,18-30,masters
160,3085,male,0,30-45,masters
161,933,male,0,30-45,hs
162,160,male,0,30-45,bachelors
163,186,female,0,30-45,bachelors
164,3072,female,0,30-45,bachelors
165,14,male,0,30-45,bachelors
166,1034,male,0,30-45,professional
167,4049,female,0,18-30,bachelors
168,1060,male,0,18-30,bachelors
169,3517,female,0,30-45,professional
170,1127,female,0,45-60,masters
171,270,male,0,30-45,masters
172,1772,female,0,18-30,masters
173,2847,male,0,18-30,hs
174,3669,female,0,30-45,bachelors
175,791,female,0,18-30,bachelors
176,1310,male,0,30-45,masters
177,1630,male,0,18-30,hs
178,1551,female,0,30-45,professional
179,1399,male,0,18-30,hs
180,646,male,0,18-30,hs
181,991,male,0,18-30,professional
182,62,male,0,45-60,bachelors
183,960,female,0,30-45,hs
184,867,male,0,18-30,hs
185,505,female,0,30-45,professional
186,1586,male,0,30-45,bachelors
187,1830,female,0,18-30,hs
188,1612,male,0,30-45,hs
189,2259,male,0,30-45,hs
190,1718,male,0,18-30,bachelors
191,1169,male,1,30-45,professional
192,2803,male,0,30-45,bachelors
193,1840,male,0,45-60,hs
194,925,female,1,18-30,bachelors
195,616,male,0,30-45,bachelors
196,498,female,0,18-30,masters
197,159,male,0,30-45,hs
198,103,male,0,18-30,hs
199,1222,female,1,Under 18,hs
200,1446,female,1,18-30,hs
201,1177,male,0,30-45,masters
202,818,female,1,45-60,hs
203,2748,female,1,30-45,hs
204,1274,male,0,18-30,bachelors
205,227,male,0,30-45,masters
206,1416,male,0,30-45,bachelors
207,525,female,0,18-30,hs
208,306,male,0,30-45,bachelors
209,2301,female,0,18-30,hs
210,796,male,0,Over 60,bachelors
211,2300,male,0,30-45,bachelors
212,3005,female,0,18-30,professional
213,1447,male,0,Under 18,hs
214,1974,male,1,18-30,hs
215,44,male,0,30-45,professional
216,1100,female,0,18-30,bachelors
217,2627,male,0,18-30,bachelors
218,1102,female,0,30-45,hs
219,128,male,0,18-30,hs
220,2139,male,0,30-45,bachelors
221,1019,female,0,18-30,bachelors
222,266,male,0,30-45,bachelors
223,1708,female,0,30-45,bachelors
224,2218,male,0,18-30,bachelors
225,110,female,0,30-45,masters
226,1608,male,1,18-30,hs
227,2572,male,0,18-30,bachelors
228,2841,male,0,30-45,bachelors
229,1732,female,0,18-30,bachelors
230,605,male,0,18-30,bachelors
231,1270,male,0,18-30,hs
232,345,male,0,Over 60,professional
233,3525,male,0,30-45,bachelors
234,2522,male,0,30-45,masters
235,362,male,1,30-45,professional
236,3230,female,0,45-60,hs
237,477,male,0,45-60,masters
238,2943,male,0,Under 18,hs
239,1111,female,0,18-30,bachelors
240,1808,male,0,30-45,professional
241,2894,female,0,45-60,hs
242,1298,male,1,45-60,bachelors
243,1092,male,1,30-45,hs
244,1262,male,0,30-45,bachelors
245,533,male,0,18-30,some
246,790,male,0,18-30,bachelors
247,166,male,0,45-60,professional
248,562,male,0,18-30,masters
249,2220,male,0,45-60,masters
250,941,male,0,30-45,professional
251,964,male,0,45-60,hs
252,2693,female,1,45-60,bachelors
253,1073,female,0,30-45,hs
254,1662,male,0,30-45,masters
255,922,male,0,30-45,bachelors
256,1350,male,0,30-45,bachelors
257,627,male,0,18-30,hs
258,3728,male,0,45-60,masters
259,1780,female,0,18-30,bachelors
260,1802,male,0,30-45,hs
261,1806,male,0,18-30,hs
262,230,female,0,18-30,masters
263,2905,male,1,18-30,masters
264,1973,male,0,30-45,hs
265,1710,female,0,18-30,hs
266,134,male,0,18-30,bachelors
267,2399,male,0,30-45,professional
268,262,male,0,18-30,hs
269,54,female,0,45-60,some
270,934,male,1,Over 60,bachelors
271,139,male,0,30-45,professional
272,4034,male,0,18-30,masters
273,1025,male,0,18-30,bachelors
274,569,male,0,18-30,bachelors
275,321,male,0,18-30,bachelors
276,652,male,0,18-30,bachelors
277,2452,male,0,45-60,masters
278,127,male,0,30-45,bachelors
279,2063,male,0,30-45,masters
280,1253,male,0,30-45,masters
281,2002,male,0,30-45,professional
282,1657,female,1,30-45,bachelors
283,285,male,1,45-60,masters
284,1579,male,0,30-45,bachelors
285,33,male,0,30-45,professional
286,1968,male,1,18-30,hs
287,972,female,0,18-30,bachelors
288,918,male,0,30-45,professional
289,1878,male,0,18-30,hs
290,1040,male,0,18-30,bachelors
291,1037,male,0,45-60,masters
292,2955,male,1,45-60,hs
293,1129,male,0,30-45,bachelors
294,40,male,0,30-45,masters
295,238,male,0,18-30,some
296,1415,male,0,30-45,bachelors
297,550,female,0,30-45,professional
298,928,male,1,18-30,hs
299,1459,male,0,18-30,hs
300,2706,male,0,30-45,bachelors
301,851,female,0,18-30,bachelors
302,1375,male,0,18-30,bachelors
303,1632,female,0,30-45,doctorate
304,2124,male,1,18-30,masters
305,2964,male,0,Under 18,hs
306,1039,male,0,30-45,hs
307,3551,male,0,30-45,doctorate
308,793,female,1,45-60,hs
309,1392,female,1,30-45,bachelors
310,2520,male,0,30-45,hs
311,3786,female,1,18-30,hs
312,1565,male,0,30-45,bachelors
313,2802,male,0,30-45,bachelors
314,1998,female,0,45-60,bachelors
315,1455,male,0,18-30,bachelors
316,2022,male,0,18-30,bachelors
317,1928,male,0,18-30,some
318,1978,female,0,30-45,hs
319,404,male,0,30-45,bachelors
320,868,male,0,30-45,hs
321,3312,male,0,30-45,hs
322,3015,male,0,18-30,bachelors
323,785,male,0,30-45,professional
324,736,male,1,30-45,masters
325,1454,male,0,18-30,bachelors
326,3309,male,0,18-30,masters
327,3681,male,0,18-30,hs
328,1639,male,0,30-45,hs
329,3344,male,0,18-30,bachelors
330,2071,male,0,18-30,masters
331,1500,male,0,18-30,hs
332,1185,male,0,45-60,bachelors
333,106,male,0,18-30,bachelors
334,853,male,0,30-45,masters
335,524,female,0,30-45,masters
336,970,male,0,18-30,professional
337,3288,male,1,30-45,professional
338,2447,male,0,18-30,hs
339,352,male,0,30-45,bachelors
340,2594,male,0,18-30,hs
341,3014,male,0,30-45,hs
342,564,male,0,30-45,masters
343,997,female,0,30-45,hs
344,920,male,0,18-30,bachelors
345,1033,female,0,45-60,bachelors
346,633,female,0,30-45,professional
347,513,male,1,45-60,professional
348,924,male,0,18-30,bachelors
349,1643,male,0,18-30,professional
350,899,female,0,30-45,hs
351,229,male,0,30-45,bachelors
352,235,male,1,18-30,professional
353,1128,male,0,30-45,masters
354,1057,male,0,30-45,hs
355,1280,male,0,18-30,professional
356,2580,female,0,30-45,masters
357,608,male,0,18-30,bachelors
358,117,female,0,30-45,bachelors
359,1720,male,0,18-30,hs
360,237,male,0,30-45,hs
361,120,male,0,30-45,bachelors
362,67,male,0,18-30,hs
363,2097,female,0,30-45,hs
364,2446,male,0,18-30,professional
365,386,male,0,30-45,hs
366,458,male,1,18-30,masters
367,781,male,1,18-30,bachelors
368,104,female,1,30-45,bachelors
369,1120,male,0,45-60,hs
370,1925,female,0,30-45,hs
371,494,male,0,30-45,masters
372,1224,female,0,18-30,hs
373,1900,female,0,30-45,bachelors
374,3443,male,1,30-45,hs
375,3267,male,1,30-45,hs
376,3415,female,1,18-30,hs
377,3249,male,0,45-60,professional
378,429,male,0,30-45,masters
379,570,male,0,18-30,professional
380,1363,male,1,18-30,bachelors
381,116,male,0,30-45,bachelors
382,946,male,0,18-30,bachelors
383,2467,female,0,30-45,bachelors
384,69,male,0,30-45,hs
385,86,female,0,45-60,some
386,1168,male,0,18-30,hs
387,82,female,0,18-30,bachelors
388,2465,male,1,45-60,hs
389,87,female,1,45-60,hs
390,1001,male,1,30-45,bachelors
391,1845,male,0,18-30,bachelors
392,537,male,0,45-60,bachelors
393,1828,male,1,18-30,masters
394,1624,male,1,30-45,bachelors
395,1273,male,0,18-30,some
396,1611,male,0,18-30,hs
397,1594,male,0,Under 18,hs
398,1016,male,0,18-30,professional
399,981,male,0,30-45,bachelors
400,3903,male,0,18-30,masters
401,3834,female,1,Under 18,some
402,148,male,0,30-45,hs
403,713,male,0,30-45,hs
404,3439,female,0,45-60,bachelors
405,132,male,0,Over 60,bachelors
406,2292,male,0,45-60,masters
407,443,male,0,45-60,bachelors
408,531,female,0,30-45,hs
409,609,male,0,18-30,professional
410,575,male,0,30-45,professional
411,226,male,1,30-45,bachelors
412,1276,female,0,30-45,professional
413,740,female,0,30-45,professional
414,1221,male,0,30-45,bachelors
415,37,male,0,18-30,masters
416,1456,male,0,30-45,bachelors
417,232,female,0,45-60,bachelors
418,295,male,1,18-30,bachelors
419,523,male,0,18-30,hs
420,895,male,1,30-45,bachelors
421,440,female,0,30-45,bachelors
422,2052,male,0,18-30,hs
423,3771,male,0,30-45,masters
424,98,male,0,18-30,hs
425,293,male,0,45-60,hs
426,1211,female,0,30-45,bachelors
427,59,male,1,30-45,masters
428,455,male,0,30-45,bachelors
429,3190,female,0,45-60,doctorate
430,1836,female,1,30-45,hs
431,3695,female,0,45-60,bachelors
432,3356,male,0,45-60,professional
433,3612,female,0,18-30,bachelors
434,1817,female,0,30-45,some
435,1207,male,0,18-30,bachelors
436,451,female,0,18-30,bachelors
437,850,male,0,30-45,hs
438,277,male,0,30-45,masters
439,219,male,1,,bachelors
440,1205,male,0,18-30,bachelors
441,2132,female,0,30-45,masters
442,2963,male,0,18-30,bachelors
443,3206,male,0,18-30,masters
444,1249,male,0,30-45,masters
445,316,female,0,30-45,masters
446,761,male,0,30-45,hs
447,1680,male,0,30-45,bachelors
448,747,female,0,18-30,hs
449,356,male,0,30-45,hs
450,312,male,0,30-45,masters
451,60,male,0,30-45,bachelors
452,1787,female,0,18-30,bachelors
453,1376,male,0,18-30,professional
454,1147,male,0,18-30,bachelors
455,2854,female,0,30-45,masters
456,161,female,0,45-60,masters
457,1305,male,0,30-45,bachelors
458,1654,male,0,45-60,masters
459,414,female,0,18-30,bachelors
460,2168,female,0,30-45,bachelors
461,584,male,0,45-60,bachelors
462,4,male,0,30-45,hs
463,544,male,0,30-45,hs
464,1282,male,0,30-45,professional
465,2855,female,0,30-45,masters
466,1175,male,0,18-30,hs
467,3107,female,1,18-30,bachelors
468,2592,female,1,30-45,bachelors
469,1516,male,1,30-45,bachelors
470,3283,male,0,,professional
471,951,male,0,45-60,bachelors
472,411,male,0,30-45,doctorate
473,892,male,0,,hs
474,1600,male,0,45-60,bachelors
475,1307,male,0,30-45,hs
476,1204,male,0,30-45,bachelors
477,939,female,0,45-60,masters
478,228,male,0,18-30,professional
479,1799,female,0,18-30,masters
480,1815,male,0,30-45,bachelors
481,16,male,0,30-45,masters
482,2307,male,0,18-30,hs
483,1587,male,0,30-45,bachelors
484,3198,male,0,30-45,bachelors
485,2110,female,0,45-60,hs
486,503,female,0,18-30,bachelors
487,1372,male,0,30-45,bachelors
488,595,female,1,18-30,professional
489,271,female,1,30-45,bachelors
490,3805,male,0,Over 60,bachelors
491,2047,male,1,30-45,masters
492,2642,female,1,30-45,bachelors
493,392,male,0,30-45,hs
494,852,male,0,30-45,masters
495,809,female,0,30-45,bachelors
496,265,male,0,30-45,professional
497,542,male,0,45-60,hs
498,3531,female,0,30-45,bachelors
499,871,female,0,18-30,masters
500,2999,female,0,45-60,hs
501,855,female,0,18-30,masters
502,1765,male,0,30-45,masters
503,953,female,0,45-60,masters
504,1417,female,0,30-45,bachelors
505,2571,female,1,30-45,hs
506,1684,male,1,18-30,bachelors
507,2654,female,0,45-60,masters
508,1803,female,0,45-60,hs
509,1736,female,0,18-30,masters
510,1438,male,0,30-45,bachelors
511,2012,female,0,18-30,masters
512,2336,male,0,30-45,bachelors
513,1348,male,1,18-30,bachelors
514,678,female,0,30-45,bachelors
515,2441,male,0,18-30,hs
516,579,male,0,30-45,masters
517,2221,female,0,30-45,masters
518,58,female,0,30-45,bachelors
519,1287,male,0,30-45,masters
520,332,female,0,18-30,bachelors
521,1843,male,0,30-45,professional
522,3222,female,0,45-60,hs
523,3070,male,0,18-30,professional
524,176,male,0,18-30,hs
525,1009,male,0,30-45,masters
526,2471,female,0,45-60,masters
527,291,male,0,45-60,hs
528,961,male,1,30-45,hs
529,921,male,0,18-30,bachelors
530,2996,male,0,Under 18,bachelors
531,3328,female,0,30-45,bachelors
532,462,male,0,18-30,professional
533,225,male,1,18-30,hs
534,303,male,0,30-45,some
535,1670,male,1,30-45,bachelors
536,856,male,0,30-45,bachelors
537,1936,male,0,18-30,professional
538,2527,female,0,30-45,bachelors
539,1170,female,0,30-45,bachelors
540,1824,female,0,30-45,some
541,2515,male,0,18-30,hs
542,141,male,0,30-45,hs
543,3355,male,0,30-45,hs
544,3660,male,0,30-45,bachelors
545,101,female,0,30-45,hs
546,409,male,0,18-30,bachelors
547,1903,female,1,Over 60,professional
548,987,male,1,30-45,bachelors
549,1901,male,0,30-45,professional
550,3022,female,0,18-30,professional
551,2333,male,0,30-45,hs
552,1788,male,1,30-45,hs
553,1518,female,0,18-30,professional
554,363,male,0,30-45,hs
555,2962,male,0,45-60,professional
556,1827,male,0,18-30,bachelors
557,183,female,0,30-45,bachelors
558,2828,female,1,45-60,hs
559,420,female,0,45-60,bachelors
560,2374,female,0,30-45,bachelors
561,1920,female,0,45-60,hs
562,212,male,0,18-30,bachelors
563,3792,female,0,30-45,masters
564,1466,male,0,18-30,professional
565,717,male,0,30-45,hs
566,2720,male,0,18-30,professional
567,2025,male,0,30-45,bachelors
568,913,male,0,30-45,masters
569,1584,male,0,30-45,masters
570,2734,female,0,18-30,hs
571,346,male,0,18-30,professional
572,1724,male,0,18-30,masters
573,3280,male,0,18-30,hs
574,3483,male,0,18-30,masters
575,3570,female,1,18-30,masters
576,1620,male,0,30-45,hs
577,1798,male,0,18-30,masters
578,3680,male,0,30-45,hs
579,1226,female,0,30-45,professional
580,492,female,0,45-60,bachelors
581,632,female,0,30-45,masters
582,343,female,0,Over 60,some
583,2596,female,0,30-45,doctorate
584,3593,male,1,45-60,bachelors
585,1956,female,0,18-30,masters
586,1672,male,1,30-45,doctorate
587,2760,female,0,18-30,hs
588,1636,male,1,18-30,bachelors
589,583,male,1,30-45,masters
590,1445,male,0,45-60,hs
591,256,female,0,18-30,hs
592,810,female,0,30-45,hs
593,1220,male,0,30-45,masters
594,278,male,0,30-45,bachelors
595,432,male,0,30-45,masters
596,1328,male,0,18-30,bachelors
597,2090,female,0,30-45,bachelors
598,3860,female,0,18-30,hs
599,1364,female,0,30-45,bachelors
600,3485,female,0,45-60,bachelors
601,3713,male,0,30-45,professional
602,162,male,0,30-45,masters
603,1989,male,0,Under 18,hs
604,3361,male,0,30-45,masters
605,490,male,0,45-60,hs
606,142,female,0,30-45,bachelors
607,3351,male,0,45-60,bachelors
608,936,female,0,45-60,bachelors
609,275,male,0,18-30,hs
610,854,male,0,30-45,masters
611,3904,female,0,30-45,hs
612,405,female,0,30-45,hs
613,63,female,0,18-30,masters
614,3960,male,0,30-45,masters
615,481,female,0,18-30,hs
616,812,male,0,18-30,masters
617,2956,male,0,30-45,hs
618,3512,male,1,45-60,masters
619,1751,male,0,45-60,professional
620,239,male,0,18-30,hs
621,3832,female,0,30-45,bachelors
622,1935,male,0,30-45,masters
623,2817,female,1,30-45,hs
624,115,female,0,18-30,bachelors
625,3932,female,1,18-30,bachelors
626,206,female,0,18-30,hs
627,2584,male,0,30-45,professional
628,2387,male,0,30-45,doctorate
629,1652,male,0,18-30,bachelors
630,0,male,0,18-30,hs
631,1260,female,1,45-60,hs
632,3394,male,0,30-45,bachelors
633,4018,male,0,30-45,hs
634,268,female,0,30-45,bachelors
635,90,male,0,30-45,bachelors
636,247,female,0,30-45,bachelors
637,113,male,0,30-45,masters
638,333,male,0,18-30,bachelors
639,198,female,0,45-60,masters
640,1366,female,0,30-45,bachelors
641,1172,male,0,45-60,bachelors
642,3066,male,0,18-30,hs
643,3827,male,0,30-45,hs
644,3559,male,0,30-45,bachelors
645,3727,male,0,30-45,bachelors
646,2084,female,0,18-30,hs
647,3807,male,1,45-60,masters
648,3428,male,0,18-30,masters
649,1003,male,0,30-45,masters
650,3602,male,0,18-30,hs
651,1781,male,0,18-30,hs
652,493,female,0,18-30,masters
653,30,female,0,30-45,bachelors
654,2013,male,0,30-45,masters
655,3790,female,0,18-30,masters
656,434,male,0,18-30,bachelors
657,1369,male,0,18-30,bachelors
658,2250,male,0,18-30,hs
659,2698,male,0,30-45,bachelors
660,1208,female,0,30-45,some
661,1426,male,0,18-30,bachelors
662,1089,male,0,45-60,bachelors
663,1201,male,0,Under 18,hs
664,704,male,0,18-30,bachelors
665,133,male,0,30-45,masters
666,379,male,0,30-45,professional
667,1173,female,0,18-30,bachelors
668,2379,male,0,18-30,masters
669,782,male,0,30-45,masters
670,2151,female,0,30-45,masters
671,639,male,0,45-60,bachelors
672,3180,male,1,30-45,hs
673,2297,female,1,30-45,masters
674,3768,female,0,18-30,masters
675,322,female,0,30-45,bachelors
676,260,female,0,30-45,bachelors
677,1575,female,0,30-45,professional
678,457,female,0,18-30,bachelors
679,938,female,1,45-60,hs
680,3382,female,0,18-30,professional
681,1131,male,0,,bachelors
682,3488,male,0,30-45,masters
683,2058,female,0,18-30,doctorate
684,2614,female,0,45-60,masters
685,435,female,0,18-30,bachelors
686,50,female,0,18-30,hs
687,3479,female,0,18-30,bachelors
688,144,male,0,30-45,bachelors
689,2103,female,0,30-45,masters
690,1629,female,0,18-30,bachelors
691,2915,male,0,18-30,masters
692,3749,female,1,30-45,masters
693,3814,male,0,18-30,professional
694,1592,female,0,45-60,bachelors
695,1794,male,0,18-30,hs
696,2038,male,1,30-45,bachelors
697,507,female,0,18-30,bachelors
698,3516,male,0,18-30,professional
699,3702,male,0,18-30,hs
700,2331,male,0,18-30,hs
701,3148,male,0,30-45,professional
702,56,male,0,30-45,bachelors
703,1101,male,0,18-30,bachelors
704,48,male,0,30-45,hs
705,1404,male,0,18-30,some
706,1538,male,0,30-45,bachelors
707,539,female,0,18-30,bachelors
708,1010,male,0,30-45,bachelors
709,591,female,1,30-45,bachelors
710,2312,male,0,18-30,bachelors
711,3146,female,0,18-30,masters
712,371,female,0,30-45,bachelors
713,338,female,0,30-45,doctorate
714,2616,female,0,18-30,masters
715,776,female,0,18-30,hs
716,2814,male,0,18-30,bachelors
717,1655,male,1,30-45,bachelors
718,2453,female,0,18-30,bachelors
719,869,male,0,Under 18,hs
720,2098,male,0,30-45,hs
721,7,male,0,18-30,bachelors
722,1496,male,0,18-30,hs
723,882,male,0,30-45,professional
724,27,male,0,18-30,hs
725,573,male,0,18-30,professional
726,2392,female,0,18-30,masters
727,2252,female,1,30-45,masters
728,1874,male,1,45-60,hs
729,3673,female,0,30-45,hs
730,446,female,0,30-45,masters
731,1198,female,0,45-60,masters
732,1505,female,0,18-30,hs
733,286,female,0,30-45,hs
734,449,female,0,30-45,professional
735,2261,male,0,18-30,bachelors
736,485,male,0,30-45,bachelors
737,2172,male,0,45-60,masters
738,3527,male,0,18-30,hs
739,3507,male,0,18-30,professional
740,3523,female,0,30-45,bachelors
741,1477,female,1,30-45,bachelors
742,3705,male,0,30-45,professional
743,3039,male,0,30-45,masters
744,1179,female,0,18-30,masters
745,167,female,0,18-30,professional
746,2055,male,0,30-45,bachelors
747,2273,male,0,18-30,hs
748,915,male,1,18-30,masters
749,1296,male,0,18-30,bachelors
750,4012,female,0,30-45,masters
751,2430,female,0,30-45,bachelors
752,2489,male,0,30-45,bachelors
753,2475,male,0,30-45,professional
754,22,male,0,18-30,masters
755,23,female,0,30-45,masters
756,21,female,0,18-30,masters
757,2890,male,0,18-30,bachelors
758,746,male,0,30-45,masters
759,1690,male,0,18-30,hs
760,1669,female,0,18-30,hs
761,3639,female,0,18-30,masters
762,2014,female,0,30-45,bachelors
763,2641,male,0,18-30,hs
764,3432,female,0,45-60,masters
765,1028,male,0,18-30,hs
766,3291,female,0,30-45,bachelors
767,3242,male,0,18-30,bachelors
768,1336,male,0,30-45,some
769,1161,female,0,18-30,bachelors
770,1133,male,1,,masters
771,1013,male,0,30-45,professional
772,1651,female,0,30-45,bachelors
773,2269,male,0,18-30,hs
774,2278,female,0,30-45,professional
775,290,male,0,30-45,bachelors
776,2409,male,0,30-45,some
777,2830,female,1,30-45,bachelors
778,3513,female,1,45-60,bachelors
779,1589,female,0,30-45,masters
780,2557,female,0,18-30,hs
781,770,female,0,30-45,bachelors
782,919,male,0,18-30,some
783,1154,male,0,18-30,hs
784,388,female,0,30-45,bachelors
785,2634,male,0,30-45,bachelors
786,653,male,0,18-30,masters
787,2752,male,0,45-60,bachelors
788,3308,male,0,30-45,hs
789,548,male,0,18-30,bachelors
790,2705,female,1,18-30,masters
791,3732,female,1,18-30,bachelors
792,2396,male,0,30-45,professional
793,1627,male,0,30-45,masters
794,2104,female,0,18-30,hs
795,84,female,0,18-30,hs
796,1368,male,0,30-45,some
797,1944,male,0,30-45,masters
798,1818,female,0,30-45,bachelors
799,35,male,0,18-30,bachelors
800,2502,male,0,30-45,bachelors
801,2848,male,0,18-30,masters
802,878,male,0,18-30,bachelors
803,2686,female,1,45-60,hs
804,3855,male,0,30-45,masters
805,2597,male,0,18-30,bachelors
806,807,male,0,18-30,bachelors
807,24,female,0,18-30,masters
808,1487,male,0,Under 18,bachelors
809,1052,female,0,18-30,professional
810,241,female,0,30-45,bachelors
811,1047,female,0,18-30,masters
812,3598,male,0,30-45,professional
813,1432,male,0,18-30,hs
814,2601,female,0,30-45,masters
815,3477,female,0,30-45,bachelors
816,825,female,0,18-30,masters
817,2680,male,0,30-45,professional
818,3769,female,1,45-60,hs
819,2564,male,0,18-30,professional
820,2800,male,1,30-45,professional
821,2341,male,0,18-30,bachelors
822,1917,female,0,18-30,hs
823,2378,female,0,18-30,bachelors
824,2237,female,0,30-45,masters
825,2950,male,1,30-45,bachelors
826,308,female,0,30-45,bachelors
827,1693,female,0,30-45,bachelors
828,2886,female,0,18-30,hs
829,973,male,0,18-30,bachelors
830,2954,male,0,18-30,masters
831,1837,male,0,18-30,masters
832,2330,female,0,18-30,bachelors
833,1378,male,0,18-30,bachelors
834,2145,male,0,18-30,professional
835,2131,male,0,30-45,masters
836,1645,female,0,18-30,masters
837,8,male,0,30-45,hs
838,1642,female,0,18-30,hs
839,822,female,0,30-45,bachelors
840,2623,female,0,18-30,hs
841,1952,male,0,18-30,masters
842,2531,male,0,18-30,bachelors
843,3675,female,1,,hs
844,305,male,1,18-30,doctorate
845,3940,female,1,45-60,bachelors
846,1832,male,0,45-60,hs
847,3388,male,1,18-30,hs
848,618,male,0,18-30,bachelors
849,3510,male,0,18-30,bachelors
850,2715,female,0,30-45,hs
851,3091,male,0,30-45,masters
852,397,female,0,30-45,bachelors
853,1081,female,0,45-60,hs
854,603,male,0,30-45,masters
855,1281,male,0,18-30,professional
856,1476,male,0,30-45,masters
857,1333,male,0,18-30,hs
858,2637,male,0,30-45,hs
859,471,female,0,18-30,hs
860,3304,male,0,45-60,hs
861,3816,male,0,30-45,masters
862,487,female,0,18-30,masters
863,1619,female,0,18-30,bachelors
864,3363,female,1,18-30,hs
865,1668,female,0,Over 60,masters
866,387,male,0,18-30,bachelors
867,553,female,0,30-45,bachelors
868,512,female,0,30-45,masters
869,3561,male,0,30-45,masters
870,118,female,1,45-60,hs
871,1291,female,0,30-45,masters
872,2268,female,1,45-60,hs
873,1385,male,1,45-60,hs
874,823,female,0,30-45,bachelors
875,2133,female,0,30-45,bachelors
876,661,male,0,18-30,hs
877,3808,male,0,30-45,bachelors
878,1849,male,0,30-45,masters
879,588,female,1,18-30,masters
880,3027,female,0,18-30,hs
881,466,male,0,30-45,some
882,843,male,0,30-45,masters
883,2202,male,1,30-45,masters
884,2282,female,0,18-30,masters
885,620,male,0,18-30,professional
886,3754,male,0,45-60,hs
887,1080,female,1,18-30,bachelors
888,1887,male,0,30-45,masters
889,1775,male,0,18-30,bachelors
890,1821,female,0,30-45,bachelors
891,2528,female,0,30-45,hs
892,2785,female,1,30-45,hs
893,966,male,0,30-45,masters
894,1284,male,0,30-45,hs
895,1011,male,0,30-45,professional
896,1286,male,0,30-45,hs
897,135,male,0,,hs
898,2473,female,0,18-30,bachelors
899,1734,male,0,18-30,hs
900,754,female,1,45-60,hs
901,1921,female,0,30-45,professional
902,2549,female,0,30-45,hs
903,1931,male,0,30-45,bachelors
904,2096,male,0,18-30,hs
905,1255,female,0,18-30,hs
906,880,male,0,18-30,bachelors
907,2644,male,0,18-30,hs
908,361,female,0,18-30,masters
909,2703,female,0,30-45,hs
910,2857,female,0,18-30,masters
911,660,female,0,18-30,hs
912,2684,female,1,18-30,masters
913,2128,female,0,30-45,bachelors
914,2612,female,0,18-30,bachelors
915,425,male,0,30-45,bachelors
916,1862,female,0,30-45,professional
917,3828,female,0,45-60,professional
918,1148,male,0,30-45,masters
919,2947,male,0,30-45,professional
920,1864,male,0,30-45,professional
921,2135,female,0,30-45,hs
922,2738,male,0,18-30,bachelors
923,2535,female,0,30-45,bachelors
924,623,male,0,18-30,bachelors
925,1066,male,1,45-60,hs
926,3358,male,1,45-60,bachelors
927,3171,male,1,18-30,bachelors
928,1723,male,0,45-60,professional
929,3076,male,0,30-45,hs
930,2645,male,0,18-30,hs
931,248,male,1,30-45,bachelors
932,1171,female,1,Over 60,hs
933,787,male,0,18-30,bachelors
934,1266,female,0,30-45,bachelors
935,3287,male,0,18-30,bachelors
936,1929,male,0,Under 18,hs
937,873,male,0,18-30,bachelors
938,2970,male,1,30-45,bachelors
939,3667,female,0,,bachelors
940,2053,female,1,30-45,masters
941,2930,female,1,18-30,hs
942,1067,male,0,18-30,professional
943,1458,male,1,30-45,bachelors
944,415,male,1,18-30,bachelors
945,1933,male,0,18-30,bachelors
946,683,male,0,45-60,hs
947,2204,female,1,Over 60,hs
948,2194,male,0,18-30,hs
949,1940,male,0,18-30,bachelors
950,1071,male,1,18-30,bachelors
951,3756,male,0,18-30,bachelors
952,555,female,0,18-30,hs
953,2034,female,1,30-45,masters
954,3912,female,1,18-30,professional
955,3036,female,1,18-30,bachelors
956,2236,male,0,30-45,masters
957,1155,male,1,18-30,masters
958,2608,male,0,18-30,hs
959,3649,female,0,30-45,hs
960,196,male,0,18-30,hs
961,2554,female,0,18-30,bachelors
962,2390,male,0,30-45,hs
963,2775,male,0,18-30,hs
964,190,male,0,30-45,hs
965,1590,male,1,30-45,masters
966,694,male,0,18-30,bachelors
967,1597,female,0,18-30,professional
968,2813,male,1,18-30,bachelors
969,642,male,0,30-45,hs
970,3530,female,0,45-60,masters
971,3489,female,0,45-60,bachelors
972,2328,female,0,18-30,some
973,969,female,1,30-45,hs
974,800,male,1,45-60,bachelors
975,3688,female,1,30-45,bachelors
976,1671,male,1,45-60,masters
977,2807,male,1,18-30,bachelors
978,2325,male,0,18-30,doctorate
979,1742,female,0,30-45,bachelors
980,2199,male,0,18-30,some
981,3213,male,1,30-45,bachelors
982,1314,female,0,30-45,bachelors
983,2675,male,1,18-30,hs
984,3184,female,0,45-60,some
985,2561,male,0,45-60,hs
986,1419,female,0,45-60,bachelors
987,3746,male,0,18-30,bachelors
988,1240,male,0,18-30,professional
989,337,male,0,18-30,bachelors
990,607,male,0,18-30,hs
991,296,male,0,30-45,hs
992,909,male,0,18-30,bachelors
993,1797,male,0,18-30,bachelors
994,2272,female,0,30-45,bachelors
995,3720,female,0,18-30,bachelors
996,496,male,0,Under 18,hs
997,742,male,0,30-45,hs
998,398,female,0,30-45,bachelors
999,1731,male,0,30-45,hs
1000,3445,male,0,18-30,masters
1001,3101,male,0,30-45,professional
1002,1839,female,0,18-30,masters
1003,2245,male,0,18-30,professional
1004,1254,male,0,18-30,masters
1005,1574,female,0,30-45,professional
1006,2853,male,1,30-45,professional
1007,2205,male,1,30-45,bachelors
1008,3993,female,0,18-30,masters
1009,3316,male,0,45-60,hs
1010,2402,male,1,18-30,bachelors
1011,688,male,0,30-45,bachelors
1012,1958,female,0,18-30,hs
1013,1021,female,1,30-45,hs
1014,1515,female,0,18-30,masters
1015,2532,male,0,18-30,bachelors
1016,1121,male,0,18-30,bachelors
1017,2111,male,0,18-30,professional
1018,2456,female,0,30-45,bachelors
1019,1829,male,0,18-30,hs
1020,3043,female,0,45-60,professional
1021,4051,male,0,18-30,professional
1022,121,male,0,18-30,bachelors
1023,2445,male,0,30-45,hs
1024,3596,female,1,30-45,bachelors
1025,2123,male,0,18-30,masters
1026,1197,male,0,30-45,professional
1027,1541,male,0,18-30,bachelors
1028,1730,female,0,30-45,professional
1029,2460,male,0,18-30,bachelors
1030,3722,male,0,18-30,masters
1031,1659,male,0,18-30,bachelors
1032,2871,female,1,30-45,masters
1033,1577,male,0,18-30,hs
1034,864,male,0,30-45,bachelors
1035,1894,female,0,18-30,bachelors
1036,251,female,1,18-30,bachelors
1037,486,male,1,30-45,hs
1038,2668,male,0,30-45,hs
1039,307,male,0,30-45,hs
1040,641,male,0,30-45,bachelors
1041,3880,female,1,Over 60,bachelors
1042,2603,female,0,45-60,bachelors
1043,331,male,0,30-45,bachelors
1044,3836,female,1,30-45,bachelors
1045,968,male,1,18-30,masters
1046,1712,male,0,30-45,professional
1047,431,male,1,30-45,bachelors
1048,1495,male,1,30-45,bachelors
1049,255,male,0,30-45,hs
1050,1982,female,0,18-30,masters
1051,1159,male,0,30-45,hs
1052,1158,female,1,18-30,hs
1053,2118,male,1,30-45,professional
1054,1231,male,0,30-45,bachelors
1055,1227,male,0,18-30,bachelors
1056,2907,male,0,18-30,hs
1057,1015,male,0,30-45,hs
1058,2874,male,0,30-45,hs
1059,3738,male,0,18-30,masters
1060,917,male,0,Under 18,hs
1061,2845,female,1,18-30,hs
1062,2646,male,0,18-30,hs
1063,3100,female,0,45-60,professional
1064,912,male,0,18-30,hs
1065,3861,male,0,30-45,hs
1066,1999,female,0,18-30,some
1067,651,male,0,30-45,masters
1068,249,female,0,30-45,bachelors
1069,2809,male,0,30-45,professional
1070,3030,male,0,18-30,masters
1071,448,male,0,18-30,bachelors
1072,3486,male,0,18-30,hs
1073,1532,male,0,30-45,bachelors
1074,2819,male,1,18-30,hs
1075,3273,male,0,30-45,masters
1076,1107,male,0,18-30,hs
1077,3183,female,0,18-30,masters
1078,3132,female,1,45-60,bachelors
1079,2772,male,0,30-45,hs
1080,3240,male,1,30-45,hs
1081,994,male,0,18-30,professional
1082,64,male,0,30-45,masters
1083,1674,female,0,30-45,bachelors
1084,437,male,0,30-45,bachelors
1085,1493,female,0,30-45,bachelors
1086,786,male,0,45-60,hs
1087,979,female,1,18-30,bachelors
1088,1382,male,1,45-60,bachelors
1089,3407,female,0,18-30,hs
1090,795,female,1,45-60,bachelors
1091,2640,male,1,30-45,bachelors
1092,3604,male,0,30-45,bachelors
1093,383,male,0,30-45,hs
1094,1912,male,0,,some
1095,2238,male,0,18-30,hs
1096,2093,male,0,18-30,some
1097,3018,male,0,18-30,hs
1098,767,male,1,18-30,masters
1099,3410,male,0,45-60,professional
1100,3794,male,1,45-60,bachelors
1101,2736,male,0,18-30,bachelors
1102,745,male,0,18-30,hs
1103,2270,male,0,18-30,hs
1104,2875,male,0,30-45,hs
1105,221,female,0,30-45,bachelors
1106,1210,male,0,18-30,hs
1107,749,male,1,30-45,bachelors
1108,97,male,0,30-45,hs
1109,1768,male,0,30-45,hs
1110,3623,male,0,18-30,professional
1111,105,female,0,30-45,masters
1112,748,male,0,30-45,bachelors
1113,3595,male,0,18-30,bachelors
1114,2510,male,0,30-45,bachelors
1115,763,male,0,30-45,hs
1116,2925,male,0,30-45,masters
1117,2929,male,0,18-30,bachelors
1118,1271,male,0,18-30,bachelors
1119,1259,male,0,30-45,bachelors
1120,390,male,0,30-45,masters
1121,1856,male,0,18-30,hs
1122,1522,female,0,45-60,hs
1123,66,male,0,18-30,masters
1124,2122,male,0,30-45,bachelors
1125,1144,female,1,30-45,hs
1126,3451,female,1,30-45,some
1127,2551,male,0,30-45,bachelors
1128,896,male,0,18-30,hs
1129,3905,female,0,45-60,masters
1130,734,male,0,18-30,bachelors
1131,2724,male,0,30-45,bachelors
1132,2485,female,0,18-30,masters
1133,681,male,0,30-45,hs
1134,222,male,0,30-45,hs
1135,3157,male,0,30-45,hs
1136,2086,male,0,18-30,bachelors
1137,832,female,0,30-45,bachelors
1138,1687,male,0,18-30,hs
1139,3514,female,0,30-45,hs
1140,3178,female,0,45-60,masters
1141,1279,male,0,18-30,bachelors
1142,341,female,1,45-60,bachelors
1143,2018,male,0,30-45,masters
1144,2419,male,0,30-45,bachelors
1145,1879,female,0,30-45,professional
1146,250,male,0,18-30,masters
1147,3212,male,0,30-45,masters
1148,2635,female,0,18-30,bachelors
1149,215,male,0,30-45,hs
1150,3920,female,0,30-45,masters
1151,3529,female,1,45-60,bachelors
1152,3041,male,0,18-30,hs
1153,252,female,0,30-45,hs
1154,450,female,0,18-30,bachelors
1155,2735,male,1,45-60,professional
1156,551,male,0,18-30,hs
1157,3884,male,0,18-30,professional
1158,752,male,0,18-30,masters
1159,3686,male,0,30-45,hs
1160,2696,male,0,18-30,bachelors
1161,2768,female,0,30-45,hs
1162,1235,male,0,30-45,bachelors
1163,1138,male,0,30-45,bachelors
1164,57,male,0,18-30,masters
1165,263,male,0,45-60,bachelors
1166,600,male,0,18-30,bachelors
1167,2546,male,1,18-30,professional
1168,211,male,0,30-45,bachelors
1169,1139,male,1,30-45,professional
1170,3857,male,0,30-45,professional
1171,3078,male,0,18-30,professional
1172,838,female,0,45-60,hs
1173,1755,male,0,18-30,bachelors
1174,2026,female,1,18-30,hs
1175,893,female,1,30-45,hs
1176,1679,male,0,30-45,bachelors
1177,3155,female,0,30-45,masters
1178,1219,female,0,45-60,hs
1179,1467,female,0,30-45,bachelors
1180,675,female,1,18-30,some
1181,1764,male,0,45-60,some
1182,3711,female,0,30-45,masters
1183,3823,male,0,18-30,masters
1184,3471,male,0,18-30,hs
1185,3929,female,1,45-60,hs
1186,2462,female,0,45-60,bachelors
1187,1425,male,0,30-45,professional
1188,3067,male,0,30-45,professional
1189,2647,male,0,18-30,bachelors
1190,1055,male,0,45-60,professional
1191,2837,female,1,30-45,hs
1192,758,male,1,30-45,masters
1193,2159,male,0,Over 60,professional
1194,502,female,0,30-45,hs
1195,1189,male,0,18-30,professional
1196,2976,male,0,18-30,hs
1197,1048,male,0,30-45,professional
1198,1379,male,0,18-30,bachelors
1199,3777,male,0,30-45,masters
1200,1791,male,0,30-45,hs
1201,3726,female,1,45-60,professional
1202,901,female,0,30-45,bachelors
1203,3430,female,0,18-30,bachelors
1204,1746,female,0,30-45,hs
1205,1124,female,1,30-45,bachelors
1206,1591,male,0,Under 18,some
1207,1420,female,0,18-30,bachelors
1208,645,female,0,18-30,professional
1209,707,female,0,18-30,bachelors
1210,863,male,0,18-30,bachelors
1211,3587,female,0,18-30,masters
1212,1351,female,0,30-45,bachelors
1213,2417,female,0,45-60,masters
1214,1181,male,0,45-60,bachelors
1215,1038,male,0,18-30,masters
1216,3810,male,1,18-30,bachelors
1217,3377,male,0,30-45,professional
1218,497,male,0,18-30,professional
1219,811,male,0,30-45,hs
1220,3779,male,0,18-30,bachelors
1221,884,female,1,30-45,hs
1222,3001,male,1,18-30,bachelors
1223,3017,male,0,18-30,hs
1224,538,male,0,30-45,hs
1225,659,female,1,30-45,professional
1226,845,female,1,30-45,bachelors
1227,2856,female,0,30-45,bachelors
1228,3500,female,1,30-45,bachelors
1229,771,male,0,30-45,hs
1230,593,female,1,30-45,bachelors
1231,3174,male,0,18-30,bachelors
1232,1114,male,0,30-45,professional
1233,1949,female,1,18-30,hs
1234,1909,male,0,18-30,bachelors
1235,3747,male,0,18-30,masters
1236,402,male,0,30-45,professional
1237,3274,male,1,30-45,bachelors
1238,3200,male,1,30-45,professional
1239,3131,male,0,18-30,bachelors
1240,1497,male,0,18-30,masters
1241,3444,female,0,18-30,hs
1242,2234,female,1,30-45,professional
1243,484,male,0,18-30,bachelors
1244,2865,male,1,18-30,bachelors
1245,1391,female,0,30-45,bachelors
1246,3122,male,1,18-30,hs
1247,2075,male,0,45-60,doctorate
1248,1186,female,1,45-60,bachelors
1249,2897,female,0,30-45,professional
1250,1400,female,0,18-30,hs
1251,1865,male,0,18-30,hs
1252,447,male,0,30-45,masters
1253,1257,male,0,30-45,masters
1254,2375,male,0,18-30,bachelors
1255,2766,male,0,18-30,bachelors
1256,2659,female,0,18-30,bachelors
1257,943,male,0,30-45,bachelors
1258,1408,female,0,18-30,masters
1259,3679,male,0,18-30,bachelors
1260,2434,male,0,30-45,hs
1261,1640,male,0,30-45,professional
1262,1118,female,1,18-30,professional
1263,3964,male,0,Under 18,some
1264,1026,female,1,30-45,bachelors
1265,759,female,0,30-45,hs
1266,689,male,0,18-30,bachelors
1267,3684,female,0,30-45,hs
1268,2326,female,0,45-60,bachelors
1269,3734,male,0,30-45,bachelors
1270,3293,male,0,30-45,masters
1271,210,male,1,30-45,professional
1272,114,male,0,18-30,masters
1273,155,male,0,,hs
1274,2896,female,0,18-30,bachelors
1275,638,other,0,18-30,bachelors
1276,3141,female,0,18-30,masters
1277,2113,male,0,18-30,bachelors
1278,3627,male,1,30-45,masters
1279,46,male,0,18-30,bachelors
1280,2243,female,0,18-30,bachelors
1281,1023,female,0,30-45,professional
1282,1183,male,0,18-30,bachelors
1283,631,male,0,30-45,masters
1284,731,male,0,18-30,masters
1285,224,male,0,18-30,hs
1286,1536,male,0,30-45,professional
1287,3270,male,0,18-30,bachelors
1288,1116,female,0,18-30,hs
1289,682,female,0,30-45,professional
1290,2536,female,0,18-30,hs
1291,2652,female,0,18-30,bachelors
1292,1317,female,0,18-30,hs
1293,1692,male,0,18-30,masters
1294,188,female,1,30-45,hs
1295,2487,female,1,Under 18,bachelors
1296,2729,male,0,30-45,masters
1297,801,male,0,18-30,hs
1298,2150,female,0,18-30,bachelors
1299,472,female,0,18-30,bachelors
1300,3002,male,1,18-30,bachelors
1301,2005,male,0,18-30,hs
1302,3787,male,0,30-45,professional
1303,568,male,0,18-30,masters
1304,181,male,0,30-45,bachelors
1305,3484,female,1,30-45,bachelors
1306,2224,male,0,18-30,hs
1307,3758,female,0,18-30,bachelors
1308,25,male,0,30-45,hs
1309,1750,male,0,30-45,bachelors
1310,2483,female,0,Over 60,hs
1311,400,male,0,18-30,professional
1312,1244,male,1,18-30,bachelors
1313,820,male,0,30-45,bachelors
1314,886,female,0,18-30,bachelors
1315,3103,female,1,18-30,bachelors
1316,1869,male,0,18-30,bachelors
1317,1486,female,1,18-30,hs
1318,3752,female,1,30-45,hs
1319,2368,male,0,30-45,bachelors
1320,314,female,0,18-30,hs
1321,1598,female,1,30-45,hs
1322,881,male,0,30-45,masters
1323,3028,male,0,30-45,masters
1324,3281,male,0,30-45,masters
1325,189,male,0,30-45,masters
1326,1362,male,0,18-30,masters
1327,350,male,0,30-45,masters
1328,626,female,1,30-45,bachelors
1329,2080,male,0,18-30,bachelors
1330,3877,female,1,30-45,bachelors
1331,3176,female,1,18-30,bachelors
1332,3468,female,1,18-30,bachelors
1333,1157,male,0,18-30,hs
1334,2649,male,0,30-45,hs
1335,3125,male,0,30-45,masters
1336,558,male,0,30-45,bachelors
1337,1995,male,0,30-45,professional
1338,2737,male,1,18-30,masters
1339,348,male,0,30-45,hs
1340,3974,female,1,18-30,hs
1341,3145,male,0,30-45,hs
1342,2185,male,0,30-45,bachelors
1343,2382,male,0,30-45,hs
1344,3319,male,1,30-45,bachelors
1345,3119,male,1,18-30,bachelors
1346,2533,male,0,18-30,professional
1347,2100,male,0,18-30,masters
1348,1793,male,0,18-30,bachelors
1349,1202,female,0,30-45,hs
1350,1770,male,0,18-30,hs
1351,3578,female,0,18-30,masters
1352,3839,male,0,30-45,professional
1353,209,male,0,Under 18,hs
1354,1070,male,0,Under 18,masters
1355,1381,male,0,18-30,hs
1356,1527,female,1,18-30,hs
1357,2607,female,0,18-30,professional
1358,963,male,0,18-30,masters
1359,2588,male,0,18-30,bachelors
1360,839,female,1,30-45,bachelors
1361,2917,male,0,30-45,doctorate
1362,3248,male,0,30-45,bachelors
1363,1885,male,0,18-30,hs
1364,1239,female,0,30-45,professional
1365,1112,female,0,18-30,bachelors
1366,2126,female,1,30-45,bachelors
1367,2176,male,1,18-30,bachelors
1368,173,male,1,18-30,bachelors
1369,3232,male,0,18-30,masters
1370,1715,female,0,18-30,masters
1371,2862,male,1,30-45,masters
1372,2538,male,0,30-45,bachelors
1373,1334,female,0,30-45,masters
1374,710,male,0,18-30,bachelors
1375,282,female,0,30-45,hs
1376,65,male,0,Under 18,hs
1377,3413,female,0,30-45,professional
1378,1058,male,0,30-45,professional
1379,3606,male,0,30-45,bachelors
1380,2188,female,0,45-60,hs
1381,1660,male,0,30-45,professional
1382,3441,female,1,30-45,masters
1383,910,male,0,18-30,bachelors
1384,1214,male,0,30-45,masters
1385,1440,female,1,18-30,bachelors
1386,1269,male,0,45-60,bachelors
1387,3224,male,0,18-30,hs
1388,1380,female,0,18-30,masters
1389,130,male,0,30-45,hs
1390,2889,male,0,30-45,hs
1391,2583,male,0,30-45,professional
1392,2470,female,1,45-60,bachelors
1393,2200,female,0,18-30,hs
1394,1656,male,0,18-30,bachelors
1395,1738,male,0,30-45,masters
1396,3817,male,0,30-45,professional
1397,3115,male,0,30-45,hs
1398,3819,female,0,30-45,hs
1399,2265,female,0,30-45,bachelors
1400,1809,female,0,30-45,masters
1401,2542,male,0,18-30,bachelors
1402,1132,male,0,30-45,bachelors
1403,3466,male,0,18-30,professional
1404,36,male,0,30-45,hs
1405,1065,male,0,18-30,bachelors
1406,2948,male,0,18-30,professional
1407,3406,male,0,30-45,hs
1408,712,male,1,18-30,doctorate
1409,1338,female,0,18-30,bachelors
1410,841,male,1,30-45,bachelors
1411,3359,female,0,45-60,hs
1412,1994,male,0,18-30,bachelors
1413,3354,female,1,30-45,hs
1414,2786,male,0,18-30,bachelors
1415,2666,male,0,30-45,bachelors
1416,1324,male,0,45-60,bachelors
1417,1846,female,0,18-30,bachelors
1418,2582,female,1,18-30,bachelors
1419,1533,male,0,45-60,masters
1420,3121,male,1,30-45,hs
1421,3143,female,1,18-30,hs
1422,3717,male,1,Under 18,hs
1423,1215,female,0,45-60,masters
1424,699,male,1,30-45,hs
1425,532,male,0,45-60,masters
1426,2653,female,0,45-60,professional
1427,3098,female,1,45-60,masters
1428,3021,male,0,18-30,professional
1429,389,female,0,30-45,bachelors
1430,744,male,0,18-30,masters
1431,223,male,0,30-45,professional
1432,741,male,0,45-60,bachelors
1433,1238,male,0,18-30,hs
1434,2072,female,1,18-30,hs
1435,518,male,0,18-30,hs
1436,3269,male,1,30-45,hs
1437,284,female,0,30-45,bachelors
1438,2995,male,1,30-45,bachelors
1439,49,male,0,18-30,professional
1440,804,male,0,30-45,bachelors
1441,3638,male,0,30-45,professional
1442,519,male,0,30-45,professional
1443,2101,male,0,30-45,hs
1444,1332,female,0,45-60,hs
1445,1942,male,0,30-45,hs
1446,334,male,0,18-30,masters
1447,80,male,0,30-45,masters
1448,3370,female,0,18-30,bachelors
1449,1104,male,0,30-45,hs
1450,281,male,0,30-45,masters
1451,3142,male,0,18-30,bachelors
1452,1258,male,0,18-30,professional
1453,1853,male,0,30-45,hs
1454,1398,male,0,18-30,bachelors
1455,2851,female,0,30-45,bachelors
1456,702,female,0,18-30,bachelors
1457,1819,female,0,Over 60,some
1458,1725,female,0,18-30,bachelors
1459,2167,male,0,45-60,professional
1460,1320,female,0,30-45,masters
1461,3875,male,0,18-30,bachelors
1462,2941,female,0,45-60,professional
1463,2835,male,0,18-30,professional
1464,2486,male,0,45-60,bachelors
1465,1059,female,0,18-30,hs
1466,2718,male,0,Under 18,some
1467,126,male,0,18-30,bachelors
1468,3572,male,0,18-30,hs
1469,3303,male,0,30-45,bachelors
1470,2790,male,0,18-30,masters
1471,4010,female,0,30-45,bachelors
1472,1649,male,0,18-30,professional
1473,2826,female,0,45-60,bachelors
1474,240,male,0,18-30,bachelors
1475,3417,male,0,30-45,professional
1476,859,male,0,30-45,bachelors
1477,3765,male,0,30-45,bachelors
1478,476,female,0,30-45,hs
1479,1292,male,0,18-30,masters
1480,2057,male,0,30-45,bachelors
1481,2620,male,0,45-60,masters
1482,2852,female,0,30-45,masters
1483,830,male,0,18-30,hs
1484,889,male,0,30-45,bachelors
1485,1758,female,0,18-30,hs
1486,359,male,0,18-30,doctorate
1487,2730,female,0,18-30,masters
1488,3392,male,1,Under 18,bachelors
1489,1934,male,0,45-60,professional
1490,1971,male,1,18-30,bachelors
1491,1346,male,0,30-45,bachelors
1492,1523,male,0,30-45,bachelors
1493,2953,female,0,30-45,hs
1494,391,male,0,18-30,bachelors
1495,1137,female,0,45-60,hs
1496,2804,male,0,30-45,masters
1497,1771,male,0,18-30,hs
1498,999,male,0,30-45,bachelors
1499,310,male,0,18-30,bachelors
1500,730,female,0,18-30,bachelors
1501,3234,female,0,18-30,bachelors
1502,2788,male,0,30-45,bachelors
1503,1263,female,0,30-45,bachelors
1504,2109,male,0,30-45,masters
1505,1713,female,0,18-30,hs
1506,2423,female,0,18-30,hs
1507,3939,male,1,18-30,masters
1508,3671,male,0,18-30,hs
1509,2519,male,1,18-30,masters
1510,1559,male,0,30-45,bachelors
1511,1904,male,0,18-30,bachelors
1512,789,female,0,18-30,bachelors
1513,1194,female,0,18-30,hs
1514,1325,male,0,18-30,hs
1515,3214,male,0,18-30,hs
1516,1225,female,0,18-30,hs
1517,109,male,0,18-30,hs
1518,2288,female,0,18-30,bachelors
1519,2834,male,0,30-45,masters
1520,3840,female,0,18-30,bachelors
1521,2028,female,0,18-30,bachelors
1522,2843,female,0,18-30,bachelors
1523,3845,female,0,18-30,bachelors
1524,3367,female,0,18-30,bachelors
1525,3802,female,0,18-30,bachelors
1526,2006,female,0,18-30,bachelors
1527,3460,female,0,18-30,bachelors
1528,625,female,0,18-30,bachelors
1529,1453,female,0,18-30,bachelors
1530,1582,female,0,18-30,masters
1531,835,female,0,18-30,bachelors
1532,1566,female,0,18-30,hs
1533,3687,female,0,,hs
1534,1485,female,0,18-30,hs
1535,2174,female,0,18-30,bachelors
1536,2360,female,1,18-30,bachelors
1537,3299,female,0,18-30,hs
1538,2745,female,0,18-30,hs
1539,2750,female,0,18-30,bachelors
1540,774,female,1,18-30,bachelors
1541,721,female,0,18-30,bachelors
1542,2177,female,1,18-30,bachelors
1543,2899,male,1,18-30,professional
1544,2393,female,0,30-45,bachelors
1545,1986,female,0,18-30,bachelors
1546,1583,female,1,18-30,bachelors
1547,2370,female,0,18-30,bachelors
1548,3701,female,0,,hs
1549,3323,male,0,Under 18,some
1550,1519,female,0,18-30,some
1551,1891,female,0,18-30,bachelors
1552,1457,female,0,18-30,hs
1553,1545,female,0,,some
1554,696,female,0,18-30,hs
1555,2369,female,1,18-30,hs
1556,701,female,0,18-30,bachelors
1557,3988,male,1,18-30,hs
1558,2210,female,1,30-45,hs
1559,687,male,0,18-30,hs
1560,904,male,0,30-45,hs
1561,2007,female,0,18-30,hs
1562,3383,female,0,18-30,bachelors
1563,2293,male,0,18-30,some
1564,3335,male,0,,bachelors
1565,3582,male,0,18-30,bachelors
1566,3589,male,0,18-30,hs
1567,697,male,1,30-45,masters
1568,2508,female,0,18-30,hs
1569,2458,male,1,30-45,professional
1570,2373,male,1,18-30,professional
1571,2315,male,0,,professional
1572,93,male,0,18-30,professional
1573,561,male,0,45-60,bachelors
1574,3645,female,0,18-30,bachelors
1575,2973,female,0,18-30,hs
1576,2346,female,0,18-30,bachelors
1577,2251,female,0,18-30,masters
1578,2981,male,0,18-30,bachelors
1579,3345,female,0,45-60,masters
1580,3762,male,0,18-30,hs
1581,2587,female,0,18-30,bachelors
1582,3342,male,1,18-30,hs
1583,3333,male,1,,hs
1584,4019,female,1,,bachelors
1585,2575,female,0,18-30,bachelors
1586,3397,male,0,30-45,bachelors
1587,2289,female,0,18-30,bachelors
1588,4000,female,1,18-30,hs
1589,3368,female,1,18-30,bachelors
1590,3797,female,0,18-30,hs
1591,1563,female,0,18-30,hs
1592,1580,female,0,18-30,hs
1593,3937,female,0,18-30,bachelors
1594,416,female,0,18-30,hs
1595,3580,female,0,Under 18,hs
1596,3546,female,0,18-30,hs
1597,684,female,0,18-30,masters
1598,3798,female,0,18-30,hs
1599,3573,female,0,18-30,hs
1600,3556,female,0,18-30,bachelors
1601,3079,female,0,18-30,bachelors
1602,3461,female,1,18-30,bachelors
1603,2372,female,0,18-30,hs
1604,3330,female,0,18-30,bachelors
1605,2347,female,0,18-30,bachelors
1606,3528,male,0,18-30,hs
1607,3835,female,0,18-30,bachelors
1608,2980,male,0,18-30,hs
1609,3796,female,0,18-30,bachelors
1610,1443,female,0,18-30,hs
1611,1558,female,0,18-30,hs
1612,3379,female,0,18-30,bachelors
1613,1313,female,0,30-45,bachelors
1614,2433,female,0,30-45,masters
1615,780,female,0,18-30,masters
1616,667,female,0,18-30,bachelors
1617,703,female,1,18-30,bachelors
1618,693,male,0,30-45,bachelors
1619,3841,female,0,18-30,bachelors
1620,4005,male,0,,hs
1621,3160,male,1,45-60,bachelors
1622,2591,male,0,18-30,bachelors
1623,799,female,0,18-30,hs
1624,3331,male,0,18-30,bachelors
1625,3927,female,0,18-30,bachelors
1626,2576,female,0,18-30,hs
1627,3495,female,0,18-30,bachelors
1628,4006,male,0,,hs
1629,3586,female,0,18-30,hs
1630,3585,female,0,18-30,bachelors
1631,2990,female,0,18-30,bachelors
1632,3491,female,0,,hs
1633,2140,male,0,30-45,hs
1634,2095,female,0,30-45,bachelors
1635,3543,male,0,18-30,bachelors
1636,3398,male,0,18-30,hs
1637,3632,male,0,18-30,hs
1638,2040,male,1,18-30,hs
1639,4043,male,0,18-30,hs
1640,708,male,0,,masters
1641,2291,female,0,18-30,hs
1642,1544,male,0,,masters
1643,3588,male,1,18-30,bachelors
1644,3994,male,1,18-30,bachelors
1645,3553,male,1,18-30,bachelors
1646,2823,male,1,18-30,bachelors
1647,3784,male,0,18-30,bachelors
1648,3581,male,1,18-30,bachelors
1649,2041,male,1,18-30,bachelors
1650,2322,male,0,18-30,bachelors
1651,3562,male,0,18-30,bachelors
1652,2191,male,0,18-30,bachelors
1653,3057,female,0,18-30,hs
1654,2254,male,1,18-30,bachelors
1655,3592,male,0,18-30,bachelors
1656,3591,male,0,18-30,bachelors
1657,3944,female,0,18-30,hs
1658,3601,male,1,18-30,masters
1659,3911,male,0,30-45,bachelors
1660,1371,male,0,18-30,masters
1661,1542,female,1,30-45,hs
1662,554,female,0,45-60,hs
1663,862,male,0,30-45,bachelors
1664,3558,female,0,18-30,bachelors
1665,3322,female,0,18-30,bachelors
1666,3373,female,0,18-30,bachelors
1667,2198,female,0,18-30,hs
1668,3579,male,0,,bachelors
1669,3634,female,0,18-30,bachelors
1670,3583,male,0,,hs
1671,3699,male,0,18-30,bachelors
1672,875,female,0,30-45,bachelors
1673,1464,male,0,18-30,hs
1674,3210,male,0,18-30,masters
1675,396,male,0,30-45,masters
1676,254,female,0,30-45,bachelors
1677,2164,male,0,18-30,bachelors
1678,2037,male,0,18-30,hs
1679,2469,female,0,18-30,hs
1680,410,male,0,45-60,professional
1681,71,male,0,18-30,bachelors
1682,1637,male,0,18-30,professional
1683,3658,female,0,18-30,hs
1684,1907,male,0,18-30,bachelors
1685,2919,male,0,,bachelors
1686,1899,male,0,45-60,bachelors
1687,1658,female,0,30-45,bachelors
1688,813,male,0,18-30,bachelors
1689,274,female,0,18-30,bachelors
1690,1256,male,0,18-30,masters
1691,1492,female,0,45-60,hs
1692,3047,female,0,18-30,professional
1693,3320,female,0,18-30,bachelors
1694,788,male,0,18-30,bachelors
1695,1834,male,0,30-45,masters
1696,372,female,0,30-45,doctorate
1697,1441,male,0,18-30,bachelors
1698,1265,male,0,30-45,masters
1699,2249,female,0,30-45,bachelors
1700,1097,female,0,30-45,hs
1701,3012,male,0,18-30,hs
1702,955,female,0,18-30,professional
1703,2714,male,0,30-45,hs
1704,1552,female,0,18-30,masters
1705,3310,female,1,18-30,bachelors
1706,2089,male,0,30-45,hs
1707,1543,female,0,18-30,bachelors
1708,643,female,0,18-30,bachelors
1709,636,female,0,18-30,bachelors
1710,3539,female,0,18-30,bachelors
1711,3080,female,0,Under 18,bachelors
1712,1564,female,0,30-45,hs
1713,3211,female,0,18-30,hs
1714,2664,male,0,30-45,bachelors
1715,123,male,0,30-45,bachelors
1716,1785,female,1,45-60,bachelors
1717,1323,male,0,45-60,bachelors
1718,3509,female,1,45-60,bachelors
1719,3901,female,0,30-45,bachelors
1720,2356,male,0,18-30,hs
1721,2631,male,0,18-30,professional
1722,2302,male,0,18-30,masters
1723,3931,male,0,18-30,hs
1724,3847,female,1,18-30,bachelors
1725,3709,male,0,18-30,bachelors
1726,3584,female,0,18-30,bachelors
1727,2079,male,1,30-45,some
1728,2529,male,0,18-30,hs
1729,3235,female,1,30-45,masters
1730,4044,female,1,30-45,masters
1731,1848,male,0,18-30,bachelors
1732,3009,female,0,18-30,hs
1733,874,male,0,18-30,bachelors
1734,2045,male,0,18-30,bachelors
1735,3139,male,0,18-30,bachelors
1736,3095,male,0,18-30,bachelors
1737,2248,female,0,18-30,bachelors
1738,1983,female,1,30-45,hs
1739,2679,male,0,18-30,professional
1740,1685,male,0,18-30,hs
1741,1644,male,0,18-30,bachelors
1742,464,male,0,30-45,hs
1743,2031,female,0,30-45,bachelors
1744,3256,female,1,18-30,hs
1745,1153,male,0,18-30,bachelors
1746,2032,male,1,30-45,hs
1747,1264,male,0,18-30,bachelors
1748,619,male,0,30-45,masters
1749,815,female,1,45-60,hs
1750,2027,female,0,18-30,masters
1751,2165,female,0,18-30,masters
1752,2277,male,1,30-45,bachelors
1753,2414,male,1,,hs
1754,1503,male,0,18-30,bachelors
1755,692,male,1,18-30,masters
1756,2589,male,0,18-30,bachelors
1757,2412,male,1,,hs
1758,1898,male,0,18-30,bachelors
1759,777,male,0,18-30,bachelors
1760,1506,male,0,18-30,bachelors
1761,769,female,0,18-30,bachelors
1762,3772,male,0,18-30,bachelors
1763,3683,female,0,18-30,bachelors
1764,2824,female,0,18-30,bachelors
1765,709,male,1,18-30,masters
1766,2578,female,0,18-30,bachelors
1767,1511,male,0,18-30,bachelors
1768,3150,female,0,18-30,bachelors
1769,762,female,0,18-30,bachelors
1770,1990,male,0,18-30,bachelors
1771,2184,male,0,18-30,hs
1772,705,male,0,18-30,hs
1773,2275,female,0,18-30,bachelors
1774,1508,female,0,18-30,bachelors
1775,2179,male,0,18-30,masters
1776,722,male,0,18-30,masters
1777,2822,male,0,18-30,bachelors
1778,2455,female,0,18-30,bachelors
1779,2787,male,0,18-30,bachelors
1780,3594,male,0,18-30,bachelors
1781,2860,male,1,18-30,hs
1782,3812,female,0,45-60,masters
1783,3864,female,0,18-30,hs
1784,3341,male,0,30-45,bachelors
1785,2610,female,1,18-30,hs
1786,2381,male,0,18-30,bachelors
1787,2235,male,0,30-45,professional
1788,3278,female,0,30-45,masters
1789,3566,male,1,45-60,bachelors
1790,3478,male,0,30-45,masters
1791,673,male,0,18-30,hs
1792,3019,female,0,30-45,masters
1793,3239,female,1,18-30,bachelors
1794,897,female,1,18-30,hs
1795,1142,female,1,18-30,bachelors
1796,2290,male,0,30-45,hs
1797,193,male,0,18-30,bachelors
1798,3006,male,0,45-60,hs
1799,1807,male,0,18-30,professional
1800,596,male,0,Under 18,hs
1801,3208,female,1,18-30,bachelors
1802,3969,male,0,18-30,hs
1803,3081,female,0,18-30,bachelors
1804,454,male,1,18-30,professional
1805,1778,male,0,30-45,bachelors
1806,3714,male,0,30-45,masters
1807,1413,female,1,45-60,bachelors
1808,4052,female,1,45-60,hs
1809,1959,female,0,30-45,professional
1810,3408,female,0,,professional
1811,2500,male,0,30-45,masters
1812,456,female,0,30-45,hs
1813,783,male,0,18-30,bachelors
1814,950,male,0,18-30,hs
1815,2669,male,0,18-30,bachelors
1816,719,male,0,18-30,bachelors
1817,1814,male,0,18-30,bachelors
1818,1596,male,0,18-30,bachelors
1819,2672,male,0,,bachelors
1820,580,male,0,Under 18,hs
1821,1606,male,1,18-30,hs
1822,2384,male,0,30-45,hs
1823,1146,male,0,18-30,hs
1824,1188,male,0,18-30,hs
1825,3035,male,0,30-45,bachelors
1826,1696,female,1,45-60,bachelors
1827,3733,female,0,18-30,hs
1828,1435,male,0,18-30,bachelors
1829,1393,female,1,30-45,hs
1830,805,male,1,30-45,hs
1831,2426,male,0,18-30,hs
1832,2789,female,0,18-30,bachelors
1833,1893,male,0,,masters
1834,2242,male,0,30-45,hs
1835,2196,male,0,45-60,hs
1836,2505,male,0,Over 60,some
1837,1046,male,0,18-30,hs
1838,2840,female,1,Under 18,hs
1839,1463,male,1,18-30,hs
1840,3209,male,0,18-30,hs
1841,1304,male,0,18-30,bachelors
1842,944,male,0,30-45,bachelors
1843,323,male,0,30-45,bachelors
1844,3716,male,0,30-45,professional
1845,3313,female,1,30-45,hs
1846,2127,male,0,30-45,masters
1847,1695,male,0,18-30,bachelors
1848,2552,male,1,45-60,bachelors
1849,3350,male,0,18-30,bachelors
1850,3134,male,1,Under 18,hs
1851,1740,male,0,18-30,masters
1852,2918,male,0,18-30,hs
1853,3185,female,0,45-60,professional
1854,3811,female,1,18-30,hs
1855,2913,male,1,18-30,bachelors
1856,826,female,1,Under 18,hs
1857,467,male,0,18-30,bachelors
1858,2777,male,0,18-30,bachelors
1859,3386,male,1,18-30,masters
1860,3890,male,0,18-30,bachelors
1861,3776,female,1,45-60,bachelors
1862,2021,male,0,18-30,masters
1863,1553,male,1,45-60,masters
1864,3518,female,0,30-45,masters
1865,720,female,0,18-30,masters
1866,2059,male,1,18-30,bachelors
1867,2972,female,0,18-30,hs
1868,1094,female,0,18-30,professional
1869,3399,female,1,30-45,bachelors
1870,2394,female,0,45-60,masters
1871,367,male,0,,bachelors
1872,927,female,0,45-60,professional
1873,3936,female,1,18-30,bachelors
1874,622,female,0,,hs
1875,4024,male,1,30-45,hs
1876,2010,male,0,30-45,professional
1877,1961,female,1,30-45,masters
1878,2085,female,0,30-45,hs
1879,870,male,0,18-30,hs
1880,3000,female,0,45-60,bachelors
1881,737,female,0,30-45,professional
1882,2247,male,1,30-45,masters
1883,706,female,0,18-30,professional
1884,685,female,0,18-30,professional
1885,1726,female,0,30-45,masters
1886,2770,male,0,30-45,masters
1887,2183,male,0,18-30,bachelors
1888,3603,male,0,18-30,hs
1889,977,male,0,18-30,hs
1890,3781,female,1,30-45,hs
1891,2932,female,0,45-60,hs
1892,2740,female,1,45-60,bachelors
1893,1753,male,0,18-30,hs
1894,1966,male,0,18-30,hs
1895,3337,female,1,30-45,bachelors
1896,1246,male,0,18-30,hs
1897,2065,male,0,30-45,professional
1898,1216,male,0,18-30,professional
1899,2358,male,0,18-30,hs
1900,1462,male,0,18-30,professional
1901,3053,female,0,18-30,hs
1902,2994,female,1,18-30,bachelors
1903,2942,female,1,30-45,bachelors
1904,885,female,1,30-45,bachelors
1905,129,female,0,18-30,bachelors
1906,1517,female,0,30-45,professional
1907,1733,female,0,30-45,hs
1908,2246,female,0,18-30,bachelors
1909,2726,male,0,18-30,hs
1910,2521,male,1,18-30,bachelors
1911,2883,female,0,18-30,professional
1912,245,male,0,18-30,professional
1913,3169,male,0,45-60,masters
1914,2253,female,0,18-30,bachelors
1915,2660,male,1,30-45,professional
1916,1567,male,0,30-45,masters
1917,1946,male,0,18-30,masters
1918,545,female,0,30-45,bachelors
1919,2728,male,1,18-30,bachelors
1920,1337,male,0,18-30,hs
1921,2615,female,0,45-60,hs
1922,3149,male,0,18-30,bachelors
1923,3336,female,1,18-30,bachelors
1924,3166,male,0,30-45,professional
1925,3130,male,0,18-30,hs
1926,2042,female,0,45-60,masters
1927,2920,male,0,18-30,bachelors
1928,2503,female,0,18-30,hs
1929,2558,female,0,18-30,hs
1930,1754,male,0,30-45,masters
1931,1414,male,0,18-30,hs
1932,283,male,0,30-45,bachelors
1933,1149,male,1,18-30,hs
1934,1908,male,0,18-30,masters
1935,1526,female,0,30-45,masters
1936,2314,male,0,18-30,bachelors
1937,253,female,0,18-30,hs
1938,1665,female,1,30-45,masters
1939,2539,male,0,Under 18,hs
1940,1945,male,0,18-30,hs
1941,560,male,0,30-45,doctorate
1942,2092,male,0,18-30,bachelors
1943,3590,male,0,18-30,bachelors
1944,3887,male,1,18-30,bachelors
1945,3761,male,0,45-60,bachelors
1946,500,male,0,18-30,masters
1947,2776,male,0,30-45,hs
1948,3090,female,0,30-45,masters
1949,3120,male,0,18-30,hs
1950,3429,female,1,18-30,some
1951,858,female,1,18-30,bachelors
1952,3447,female,1,18-30,bachelors
1953,1647,female,1,18-30,bachelors
1954,2443,female,0,30-45,bachelors
1955,2146,female,1,30-45,hs
1956,985,male,1,30-45,bachelors
1957,2971,male,0,30-45,professional
1958,614,female,0,45-60,hs
1959,2213,male,0,18-30,masters
1960,1203,male,1,30-45,bachelors
1961,1479,male,1,30-45,hs
1962,1749,female,1,18-30,bachelors
1963,2136,female,0,18-30,masters
1964,1431,male,0,30-45,bachelors
1965,3092,female,0,,masters
1966,347,male,0,18-30,masters
1967,2377,female,1,30-45,bachelors
1968,2407,male,0,30-45,professional
1969,952,male,0,30-45,bachelors
1970,1763,male,0,18-30,masters
1971,2497,male,0,18-30,bachelors
1972,2581,male,0,18-30,masters
1973,821,male,0,18-30,hs
1974,3829,male,0,30-45,masters
1975,2099,male,0,18-30,professional
1976,1252,male,0,18-30,bachelors
1977,3899,male,0,30-45,hs
1978,2335,male,0,30-45,masters
1979,3536,female,1,45-60,masters
1980,3740,female,1,45-60,hs
1981,3255,male,0,18-30,professional
1982,2155,male,0,30-45,masters
1983,2413,female,1,45-60,bachelors
1984,1796,male,1,30-45,hs
1985,2351,male,0,30-45,professional
1986,2767,male,0,18-30,hs
1987,3163,female,0,30-45,masters
1988,2825,female,1,18-30,some
1989,1489,female,0,18-30,bachelors
1990,1760,male,0,18-30,masters
1991,2102,female,1,18-30,hs
1992,1439,male,0,18-30,hs
1993,2827,male,0,18-30,some
1994,3492,female,0,18-30,hs
1995,2975,female,0,18-30,bachelors
1996,3685,male,0,30-45,masters
1997,4038,female,1,18-30,bachelors
1998,563,male,0,18-30,hs
1999,3133,male,0,30-45,professional
2000,2112,male,0,18-30,hs
2001,2755,male,1,18-30,bachelors
2002,3454,male,0,30-45,bachelors
2003,2087,male,0,18-30,hs
2004,1141,male,1,18-30,hs
2005,3440,male,0,30-45,hs
2006,1910,female,1,Over 60,hs
2007,3059,female,0,Over 60,hs
2008,3878,male,0,30-45,professional
2009,1540,male,1,18-30,hs
2010,3995,female,1,18-30,hs
2011,2579,female,0,18-30,hs
2012,2398,male,0,30-45,hs
2013,1610,male,0,30-45,masters
2014,2108,male,1,30-45,professional
2015,2833,male,0,18-30,bachelors
2016,2952,male,0,18-30,bachelors
2017,2416,male,0,30-45,some
2018,1166,male,0,30-45,professional
2019,2774,female,0,18-30,bachelors
2020,3886,male,1,Under 18,some
2021,1790,male,0,30-45,bachelors
2022,1841,male,0,18-30,bachelors
2023,1906,female,0,18-30,bachelors
2024,842,female,0,18-30,hs
2025,3757,male,0,18-30,professional
2026,2362,female,1,30-45,bachelors
2027,814,male,0,18-30,hs
2028,3318,male,1,18-30,hs
2029,3086,male,0,18-30,masters
2030,3253,female,0,30-45,hs
2031,1967,female,0,30-45,professional
2032,335,male,0,18-30,bachelors
2033,2673,female,0,18-30,hs
2034,1383,male,0,30-45,professional
2035,3054,female,1,18-30,bachelors
2036,2431,male,0,30-45,bachelors
2037,1783,male,0,30-45,masters
2038,3968,female,1,Under 18,bachelors
2039,2991,male,0,18-30,hs
2040,1344,female,0,30-45,professional
2041,1816,male,0,18-30,bachelors
2042,3641,male,0,30-45,masters
2043,3924,male,0,18-30,bachelors
2044,1744,male,0,18-30,masters
2045,3189,male,0,18-30,masters
2046,2395,male,0,18-30,hs
2047,1859,male,0,30-45,masters
2048,2523,female,0,18-30,bachelors
2049,2682,male,0,45-60,hs
2050,2909,male,0,18-30,bachelors
2051,3505,male,1,30-45,hs
2052,1729,male,0,,bachelors
2053,3290,female,1,18-30,masters
2054,2629,male,0,18-30,masters
2055,3109,male,1,45-60,hs
2056,3519,male,0,Over 60,professional
2057,1395,male,0,18-30,bachelors
2058,808,male,0,18-30,bachelors
2059,2880,male,0,45-60,hs
2060,1193,female,0,18-30,bachelors
2061,962,female,0,18-30,professional
2062,3915,female,1,45-60,masters
2063,3809,female,0,45-60,bachelors
2064,2761,male,0,18-30,none
2065,3403,female,0,18-30,masters
2066,340,male,0,30-45,hs
2067,2928,male,0,18-30,bachelors
2068,902,male,0,18-30,bachelors
2069,1311,male,0,18-30,hs
2070,2794,male,0,18-30,hs
2071,1855,female,0,18-30,hs
2072,1554,female,1,18-30,masters
2073,2544,male,0,18-30,bachelors
2074,1628,male,0,18-30,some
2075,1822,female,1,30-45,bachelors
2076,743,male,0,18-30,hs
2077,213,female,0,18-30,bachelors
2078,3159,female,0,18-30,bachelors
2079,1868,male,0,18-30,hs
2080,3326,male,0,18-30,hs
2081,3259,female,0,18-30,bachelors
2082,695,male,0,18-30,bachelors
2083,412,female,0,18-30,bachelors
2084,2039,female,0,18-30,bachelors
2085,3663,female,0,45-60,bachelors
2086,1357,female,0,18-30,masters
2087,2411,female,0,18-30,masters
2088,691,female,0,18-30,masters
2089,2820,male,0,18-30,bachelors
2090,2725,female,1,18-30,hs
2091,3693,male,0,18-30,bachelors
2092,723,female,0,18-30,masters
2093,1510,female,0,18-30,masters
2094,2427,male,1,30-45,professional
2095,3046,male,0,18-30,professional
2096,4017,male,0,30-45,bachelors
2097,2353,male,0,18-30,professional
2098,1319,male,0,18-30,hs
2099,3526,male,0,30-45,professional
2100,3715,male,0,18-30,hs
2101,3197,male,0,18-30,bachelors
2102,4047,male,0,30-45,hs
2103,3844,female,0,30-45,bachelors
2104,1472,male,0,18-30,hs
2105,2570,male,0,Under 18,hs
2106,2438,female,0,18-30,masters
2107,974,male,0,18-30,bachelors
2108,1427,male,0,18-30,bachelors
2109,3791,female,0,45-60,bachelors
2110,3554,female,0,18-30,hs
2111,3568,female,0,18-30,hs
2112,629,male,0,30-45,masters
2113,1347,male,0,18-30,bachelors
2114,2311,female,1,18-30,hs
2115,604,male,1,18-30,masters
2116,1491,male,0,30-45,bachelors
2117,3476,male,1,Over 60,hs
2118,2986,female,0,30-45,masters
2119,3889,male,1,18-30,bachelors
2120,1196,male,0,18-30,bachelors
2121,1930,female,0,30-45,bachelors
2122,3826,female,1,30-45,masters
2123,530,male,0,18-30,hs
2124,47,male,0,18-30,bachelors
2125,3616,female,0,45-60,hs
2126,4022,male,1,45-60,bachelors
2127,751,male,0,30-45,bachelors
2128,2264,male,1,18-30,bachelors
2129,2555,male,0,30-45,bachelors
2130,860,male,0,18-30,bachelors
2131,489,male,1,18-30,masters
2132,2170,male,1,30-45,masters
2133,2192,female,0,18-30,bachelors
2134,3246,male,0,18-30,professional
2135,3511,female,1,18-30,bachelors
2136,1367,male,1,18-30,bachelors
2137,3029,male,0,30-45,professional
2138,3111,male,0,30-45,professional
2139,3105,female,1,Over 60,doctorate
2140,1103,female,1,18-30,bachelors
2141,3381,female,0,18-30,masters
2142,1858,male,0,18-30,masters
2143,574,male,0,18-30,hs
2144,2984,female,1,18-30,hs
2145,1160,male,1,18-30,hs
2146,2821,male,0,18-30,masters
2147,534,male,0,30-45,bachelors
2148,1747,male,1,30-45,doctorate
2149,2586,female,0,18-30,masters
2150,3405,male,0,30-45,bachelors
2151,2951,male,1,45-60,hs
2152,2324,male,0,18-30,bachelors
2153,1504,male,1,30-45,bachelors
2154,3170,male,0,18-30,hs
2155,3801,female,1,30-45,masters
2156,3891,female,1,30-45,bachelors
2157,764,female,0,30-45,bachelors
2158,3986,male,0,18-30,hs
2159,2400,male,1,18-30,professional
2160,2514,male,0,30-45,bachelors
2161,3324,male,0,18-30,hs
2162,2105,female,1,30-45,bachelors
2163,3192,male,0,30-45,hs
2164,2677,female,0,18-30,bachelors
2165,2797,male,0,18-30,hs
2166,549,male,0,18-30,bachelors
2167,576,male,0,Under 18,hs
2168,1572,male,0,18-30,bachelors
2169,3217,male,0,18-30,hs
2170,1373,female,1,30-45,masters
2171,1801,female,0,18-30,bachelors
2172,3144,male,0,18-30,bachelors
2173,2771,male,1,18-30,bachelors
2174,3973,female,1,18-30,bachelors
2175,3140,female,0,18-30,bachelors
2176,3138,female,0,18-30,bachelors
2177,773,male,0,18-30,masters
2178,3837,female,1,45-60,hs
2179,313,male,0,30-45,masters
2180,233,female,0,18-30,hs
2181,923,female,1,30-45,bachelors
2182,3247,female,1,45-60,hs
2183,1182,female,0,30-45,bachelors
2184,3277,male,1,45-60,hs
2185,1442,male,0,18-30,hs
2186,529,female,0,30-45,hs
2187,2036,female,0,18-30,masters
2188,393,female,0,18-30,masters
2189,3876,female,1,30-45,bachelors
